archive,source_file,messages,messages_with_cr_in_headers,messages_with_cr_in_body,carriage_returns_in_headers,carriage_returns_in_body
ia,no.ai.mbox,435,0,2,0,4
ia,no.alt.arkiv.mbox,5690,0,2,0,4
ia,no.alt.config.mbox,6993,0,3,0,10
ia,no.alt.diskusjoner.mbox,119910,0,9,0,64
ia,no.alt.diskusjoner.usa.mbox,20999,2,0,2,0
ia,no.alt.fan.de-lillos.mbox,598,0,2,0,4
ia,no.alt.flame.mbox,31911,0,6,0,52
ia,no.alt.frustrasjoner.mbox,273214,1,0,1,0
ia,no.alt.gledesutbrudd.mbox,91833,0,7,0,40
ia,no.alt.god.jul.mbox,2796,0,4,0,12
ia,no.alt.hunder.mbox,100394,1,0,1,0
ia,no.alt.irc-treff.mbox,1397,0,2,0,7
ia,no.alt.katter.mbox,36891,0,5,0,18
ia,no.alt.mat.mbox,45042,0,4,0,12
ia,no.alt.motorsykler.mbox,177946,0,1,0,7
ia,no.alt.pompel-og-pilt.mbox,1093,0,2,0,8
ia,no.alt.radio-tv.irma-1000.mbox,1541,0,3,0,6
ia,no.alt.rykter.mbox,13698,1,0,1,0
ia,no.alt.sjokolade.mbox,5734,0,7,0,25
ia,no.alt.tegneserier.mbox,23390,0,3,0,16
ia,no.amiga.mbox,41619,0,11,0,35
ia,no.annonser.bil.mbox,16948,1,0,2,0
ia,no.annonser.diverse.mbox,23699,1,0,2,0
ia,no.annonser.it.maskinvare.diverse.mbox,29147,1,0,1,0
ia,no.annonser.motorsykkel.mbox,6349,1,0,2,0
ia,no.annonser.spill.data.mbox,4199,1,0,2,0
ia,no.audio.mbox,21410,0,6,0,38
ia,no.bibsys.mbox,271,0,3,0,9
ia,no.bil.mbox,44193,0,4,0,11
ia,no.biz.annonser.data.mbox,12980,0,41,0,165
ia,no.biz.annonser.mbox,12187,0,45,0,175
ia,no.biz.diskusjoner.mbox,842,0,41,0,158
ia,no.biz.nettilbydere.mbox,5368,0,37,0,151
ia,no.bolig.mbox,3244,0,7,0,35
ia,no.c.mbox,2338,0,6,0,21
ia,no.ef.mbox,992,0,3,0,9
ia,no.elektronikk.mbox,12021,0,7,0,35
ia,no.embnet.mbox,124,0,3,0,6
ia,no.fag.diverse.mbox,20841,0,1,0,2
ia,no.fag.medisin.diverse.mbox,40796,0,1,0,2
ia,no.fag.spraak.diverse.mbox,49599,0,2,0,14
ia,no.film.mbox,22026,0,8,0,39
ia,no.folklore.edb.mbox,791,0,4,0,11
ia,no.folklore.generelt.mbox,133,0,2,0,4
ia,no.folklore.overtro.mbox,532,0,2,0,4
ia,no.fritid.diverse.mbox,2899,0,1,0,2
ia,no.fritid.dyr.diverse.mbox,5500,0,1,0,2
ia,no.fritid.slektsforsking.diverse.mbox,19498,0,1,0,2
ia,no.fritid.spill.diverse.mbox,2347,0,1,0,2
ia,no.fritid.spill.sjakk.mbox,2200,0,2,0,4
ia,no.general.mbox,168634,0,17,0,99
ia,no.havforskning.mbox,388,0,3,0,6
ia,no.hobby.diverse.mbox,4148,0,1,0,4
ia,no.irc.mbox,6943,0,8,0,32
ia,no.it.database.diverse.mbox,4850,0,1,0,2
ia,no.it.diverse.mbox,58232,2,1,2,2
ia,no.it.emacs.mbox,2667,0,2,0,4
ia,no.it.grafikk.diverse.mbox,5800,0,1,0,2
ia,no.it.maskinvare.diverse.mbox,110985,0,1,0,2
ia,no.it.os.amiga.diverse.mbox,6845,0,1,0,2
ia,no.it.os.mac.diverse.mbox,166410,0,3,0,42
ia,no.it.os.ms-windows.diverse.mbox,85546,0,1,0,2
ia,no.it.os.ms-windows.nt.mbox,17650,0,1,0,9
ia,no.it.os.os2.mbox,4946,0,7,0,25
ia,no.it.os.unix.diverse.mbox,9150,0,2,0,3
ia,no.it.os.unix.linux.diverse.mbox,121593,4,3,4,4
ia,no.it.os.unix.linux.nettverk.mbox,12250,1,0,1,0
ia,no.it.programmering.c.mbox,9048,0,1,0,2
ia,no.it.programmering.diverse.mbox,8999,0,1,0,2
ia,no.it.sikkerhet.diverse.mbox,28950,0,1,0,2
ia,no.it.telekom.diverse.mbox,9747,0,1,0,2
ia,no.it.tjenester.mail.diverse.mbox,7700,0,1,0,2
ia,no.it.tjenester.news.diverse.mbox,6050,0,1,0,2
ia,no.it.tjenester.www.diverse.mbox,19198,0,1,0,2
ia,no.jus.mbox,18989,0,7,0,35
ia,no.kjemi.mbox,2191,0,4,0,8
ia,no.kryptografi.mbox,1096,0,1,0,2
ia,no.kultur.diverse.mbox,1650,0,1,0,2
ia,no.kultur.folklore.diverse.mbox,500,0,1,0,2
ia,no.kultur.litteratur.diverse.mbox,11149,0,1,0,2
ia,no.kultur.musikk.diverse.mbox,75894,3,1,3,2
ia,no.kultur.musikk.korps.mbox,7749,0,1,0,14
ia,no.linux.mbox,53991,0,10,0,40
ia,no.lisp.mbox,478,0,4,0,12
ia,no.litteratur.mbox,7035,0,4,0,22
ia,no.mac.mbox,43220,0,6,0,196
ia,no.mail.diverse.mbox,1986,0,2,0,4
ia,no.mail.drift.mbox,577,0,2,0,4
ia,no.marked.bil.mbox,9435,0,6,0,79
ia,no.marked.data.mbox,77670,0,11,0,76
ia,no.marked.diskusjon.mbox,981,0,1,0,39
ia,no.marked.jobb.mbox,5703,0,7,0,36
ia,no.marked.mbox,47868,0,9,0,43
ia,no.media.mbox,2381,0,2,0,4
ia,no.medisin.mbox,8790,0,1,0,2
ia,no.ms-windows.mbox,29215,0,5,0,23
ia,no.multimedia.mbox,2674,0,1,0,2
ia,no.musikk.gitar.mbox,3637,0,3,0,8
ia,no.musikk.mbox,50132,0,12,0,63
ia,no.net.mbox,3889,0,3,0,5
ia,no.news.diverse.mbox,22536,0,6,0,23
ia,no.news.drift.mbox,748,0,1,0,2
ia,no.norsk.mbox,22635,0,4,0,17
ia,no.nuug.mbox,220,0,1,0,2
ia,no.org.diverse.mbox,350,0,1,0,2
ia,no.org.efn.diskusjon.mbox,1136,0,3,0,9
ia,no.org.nobug.diverse.mbox,152,0,2,0,7
ia,no.pc.mbox,82414,0,9,0,42
ia,no.perl.mbox,1836,0,4,0,11
ia,no.prat.aksjer.mbox,4448,0,2,0,7
ia,no.prat.narkotika.mbox,7198,0,6,0,32
ia,no.prat.politikk.mbox,59687,0,5,0,23
ia,no.prat.seksualitet.mbox,24837,0,5,0,29
ia,no.prat.ufo.mbox,5839,0,6,0,168
ia,no.psykologi.mbox,8945,0,6,0,27
ia,no.radio-tv.mbox,15226,0,3,0,6
ia,no.reiser.mbox,4342,0,5,0,23
ia,no.religion.mbox,49137,0,12,0,51
ia,no.samfunn.diverse.mbox,3450,0,2,0,4
ia,no.samfunn.foreldre+barn.mbox,33300,0,3,0,11
ia,no.samfunn.helse.funksjonshemming.diverse.mbox,600,0,1,0,2
ia,no.samfunn.media.diverse.mbox,5049,0,1,0,2
ia,no.samfunn.media.radio-tv.mbox,39850,1,0,1,0
ia,no.samfunn.narkotika.mbox,11899,2,0,2,0
ia,no.samfunn.okonomi.diverse.mbox,8000,0,1,0,2
ia,no.samfunn.politikk.diverse.mbox,166352,1,1,1,2
ia,no.samfunn.seksualitet.mbox,24350,0,1,0,2
ia,no.slekt.etterlysning.mbox,11550,0,4,0,23
ia,no.slekt.mbox,10289,0,5,0,20
ia,no.slekt.programmer.mbox,5079,0,1,0,8
ia,no.sources.list.mbox,305,0,1,0,2
ia,no.sources.wanted.mbox,236,0,2,0,7
ia,no.speider.mbox,1617,0,2,0,4
ia,no.spill.mbox,18830,0,5,0,15
ia,no.spill.rollespill.mbox,2398,0,1,0,7
ia,no.sport.diverse.mbox,10632,0,3,0,11
ia,no.sport.fotball.mbox,180545,0,1,0,1
ia,no.sport.hockey.mbox,700,0,2,0,4
ia,no.standard.mbox,196,0,1,0,2
ia,no.stortinget.mbox,5399,0,2,0,4
ia,no.student.samfund.mbox,409,0,2,0,3
ia,no.sykkel.mbox,11499,0,5,0,20
ia,no.tegnsett.mbox,349,0,3,0,6
ia,no.teknologi.audio.mbox,41994,0,1,0,2
ia,no.teknologi.diverse.mbox,4549,0,1,0,2
ia,no.teknologi.satellitt-tv.mbox,6498,0,2,0,2
ia,no.tele.mbox,13936,0,1,0,2
ia,no.test.mbox,82133,8,42,9,252
ia,no.tex.mbox,1590,0,1,0,5
ia,no.tungregning.mbox,146,0,2,0,8
ia,no.typografi.mbox,924,0,4,0,8
ia,no.uninett.diverse.mbox,444,0,3,0,10
ia,no.uninett.katalog.mbox,72,0,3,0,6
ia,no.uninett.skole.mbox,1161,0,4,0,12
ia,no.unix.mbox,7894,0,6,0,23
ia,no.usenet.admin.mbox,19800,0,1,0,6
ia,no.video.mbox,7680,0,4,0,19
ia,no.vitser.mbox,13679,0,7,0,52
ia,no.vr.mbox,317,0,4,0,8
ia,no.www.mbox,21621,0,6,0,20
