field,message_count,proportion_of_messages
Date,613016,1.0
From,613016,1.0
Lines,613016,1.0
Message-ID,613016,1.0
Newsgroups,613016,1.0
Path,613016,1.0
Subject,613016,1.0
Organization,610733,0.996276
NNTP-Posting-Host,597119,0.974068
References,463612,0.75628
X-Newsreader,352692,0.575339
Xref,343767,0.56078
Mime-Version,252213,0.41143
Content-Type,248742,0.405768
Content-Transfer-Encoding,235004,0.383357
X-Mailer,147733,0.240994
Reply-To,115491,0.188398
Sender,59589,0.097206
In-reply-to,43487,0.070939
Followup-To,17569,0.02866
X-URL,14581,0.023786
Distribution,12118,0.019768
X-MimeOLE,11596,0.018916
To,10789,0.0176
X-Priority,9967,0.016259
Cache-Post-Path,8880,0.014486
X-No-Archive,7969,0.013
X-NNTP-Posting-Host,7377,0.012034
X-Trace,3862,0.0063
X-Complaints-To,3838,0.006261
mail-copies-to,3334,0.005439
Originator,2742,0.004473
X-Sender,2406,0.003925
CC,2303,0.003757
X-Face,2195,0.003581
NNTP-Posting-User,2128,0.003471
Keywords,2083,0.003398
Supersedes,1881,0.003068
X-NETCOM-Date,1738,0.002835
X-Attribution,1193,0.001946
X-Mager-Hvalp,1050,0.001713
X-Geek-3.1,912,0.001488
X-Apparently-To,889,0.00145
Approved,876,0.001429
X-To-send-mail,856,0.001396
Expires,846,0.00138
X-Funny-Quote,791,0.00129
Posting-Front-End,677,0.001104
Summary,600,0.000979
X-XXDate,511,0.000834
X-Copyright,505,0.000824
X-XXMessage-ID,477,0.000778
X-Geek-2.1,450,0.000734
X-Admin,424,0.000692
X-FaqTool,417,0.00068
X-Originating-IP-Addr,403,0.000657
X-Article-Creation-Date,390,0.000636
X-Authenticated-Sender,390,0.000636
X-Http-User-Agent,386,0.00063
X-Server-Date,375,0.000612
Return-Path,349,0.000569
X-Info,339,0.000553
X-Cache,338,0.000551
NNTP-Client,312,0.000509
X-Cache-Posting-Host,306,0.000499
X-News-Client,300,0.000489
NNTP-Proxy-Relay,268,0.000437
X-Orig-Message-ID,268,0.000437
X-Eboai,260,0.000424
X-files,259,0.000423
Xdisclaimer,258,0.000421
X-News-reader,242,0.000395
X-Posted-From,240,0.000392
NNTP-Posting-Time,232,0.000378
X-XS4ALL-Date,228,0.000372
X-RTcode,208,0.000339
X-FTN-To,207,0.000338
X-User-Agent,188,0.000307
URL,184,0.0003
X-No,165,0.000269
X-Yes,165,0.000269
Content-Disposition,163,0.000266
Original-Sender,159,0.000259
X-Confused,159,0.000259
X-System,159,0.000259
X-too-many-X-headers,159,0.000259
X-disclaimer,156,0.000254
X-Homepage,154,0.000251
X-Roger-Waters,154,0.000251
X-Hardware,148,0.000241
X-note,145,0.000237
X-URLABOUT,140,0.000228
X-Archive,138,0.000225
X-Server,137,0.000223
X-Cascade,131,0.000214
X-News-Servers,128,0.000209
X-Newsgroups-TO,128,0.000209
X-Wisecrack,115,0.000188
X-Anti-Telecommunications-Reform-Act,113,0.000184
X-Authenticated-User,107,0.000175
Fcc,98,0.00016
Mail-To-News-Contact,96,0.000157
X-Moon-Phase,86,0.00014
X-UserAgent,85,0.000139
X-Favourite-Food,81,0.000132
X-COMMENT,80,0.000131
X-Wisdom,79,0.000129
X-Organization,78,0.000127
X-Anonymously-To,76,0.000124
NNTP-Posting-Slave,75,0.000122
X-Spambait,68,0.000111
X-XS4ALL-User,68,0.000111
X-ORIGINAL-NEWSGROUPS,66,0.000108
X-Posted-By,65,0.000106
X-Emacs,62,0.000101
X-Silly-Header,62,0.000101
X-Gateway,61,0.0001
X-What-Sucks,61,0.0001
X-Bobcode,59,9.6e-05
X-NCC-RegID,59,9.6e-05
X-Makes_me_laugh,58,9.5e-05
X-Geek-3.0,57,9.3e-05
Content-ID,53,8.6e-05
Comments,52,8.5e-05
X-REPLY,52,8.5e-05
Meow-Cascade,50,8.2e-05
Meow-Decoder-Ring-Setting,50,8.2e-05
Meow-Version,50,8.2e-05
X-Killfile-Regexp,50,8.2e-05
X-Meow-Meow-Meow-Meow,50,8.2e-05
X-Meowreader,50,8.2e-05
Approved-By,48,7.8e-05
X-Auth,48,7.8e-05
X-Authenticated,47,7.7e-05
Return-Receipt-To,45,7.3e-05
X-Received-On,45,7.3e-05
X-Mail2News-Path,44,7.2e-05
X-Nntp-Posting-User,44,7.2e-05
Keyword,43,7e-05
Author-Address,42,6.9e-05
X-Absolutely-True,38,6.2e-05
X-Uptime,36,5.9e-05
X-Fuckhead,35,5.7e-05
X-Girlfriend,34,5.5e-05
X-GNN-NewsServer-Posting-Date,34,5.5e-05
x-grei,34,5.5e-05
Content-Length,33,5.4e-05
X-To,33,5.4e-05
X-NewsSoftware,32,5.2e-05
Bcc,31,5.1e-05
Follow-up,30,4.9e-05
X-EXP32-SerialNo,29,4.7e-05
X-Signature,29,4.7e-05
NNTP-Posting-Date,26,4.2e-05
X-Mail2News-User,26,4.2e-05
Archive-Name,25,4.1e-05
Last-Modified,25,4.1e-05
Posting-Frequency,25,4.1e-05
Version,25,4.1e-05
X-PipeGCOS,23,3.8e-05
X-PipeHub,23,3.8e-05
X-PipeUser,23,3.8e-05
Complaints-To,22,3.6e-05
SnewsLanguage,20,3.3e-05
X-Discordian-Date,20,3.3e-05
X-PGP-Sig,20,3.3e-05
X-Platform,20,3.3e-05
X-Moderator,19,3.1e-05
X-001,18,2.9e-05
X-002,18,2.9e-05
X-personality,18,2.9e-05
Content-Base,17,2.8e-05
X-Backup-URL,17,2.8e-05
X-my-box,17,2.8e-05
X-Unsent,17,2.8e-05
X-Editor,16,2.6e-05
X-Forwarded,16,2.6e-05
X-Amiga,15,2.4e-05
X-geek,15,2.4e-05
X-Gnus-Article-Number,15,2.4e-05
Errors-To,14,2.3e-05
X-By-the-way,14,2.3e-05
User-Agent,13,2.1e-05
X-Everything,13,2.1e-05
X-Posting-Host,13,2.1e-05
X-Posting-Trial-By,13,2.1e-05
CrackedBy,12,2e-05
X-A-Notice,12,2e-05
X-Broken-Date,12,2e-05
X-Software,12,2e-05
XNewsreader,12,2e-05
X-Approved-By,11,1.8e-05
X-dimme,11,1.8e-05
X-Fontfamily,11,1.8e-05
X-Fontsize,11,1.8e-05
X-Originally-From,11,1.8e-05
X-PGP-Fingerprint,11,1.8e-05
X-Posted,11,1.8e-05
Content-Description,10,1.6e-05
X-Boursy-FAQ-Site,10,1.6e-05
X-Posting-Agent,10,1.6e-05
X-Date,9,1.5e-05
X-From,9,1.5e-05
X-Newsgroups,9,1.5e-05
X-Path,9,1.5e-05
X-Unparseable-Date,9,1.5e-05
Followups-To,8,1.3e-05
Gcc,8,1.3e-05
Remailed-By,8,1.3e-05
X-frust,8,1.3e-05
X-Given-Sender,8,1.3e-05
X-MIME-Autoconverted,8,1.3e-05
X-NNTP-Poster,8,1.3e-05
Priority,7,1.1e-05
X-Alt.niggers-Faq,7,1.1e-05
X-Get-A-Real-Newsreader,7,1.1e-05
X-Lamers,7,1.1e-05
X-Mail2News-Errors-To,7,1.1e-05
X-Posting-Software,7,1.1e-05
Followup,6,1e-05
Organized_at,6,1e-05
X-Authentication-Warning,6,1e-05
X-Day,6,1e-05
X-Newsproggy,6,1e-05
X-Original-Message-ID,6,1e-05
X-Revision,6,1e-05
X-Rogers-Waters,6,1e-05
X-TGIF,6,1e-05
Comment,5,8e-06
Folloup-to,5,8e-06
News-Software,5,8e-06
X-Goober-FAQ,5,8e-06
X-Hint,5,8e-06
X-Meow,5,8e-06
X-Reply-Changed,5,8e-06
X-season,5,8e-06
X-Slack,5,8e-06
X-SpeedBump-FAQ,5,8e-06
X-SubGenius,5,8e-06
X-TPROJJO,5,8e-06
Follow-Up-To,4,7e-06
Followup.to,4,7e-06
Organisation,4,7e-06
Original-Date,4,7e-06
Original-Message-ID,4,7e-06
Supercedes,4,7e-06
X-Authinfo-User,4,7e-06
X-NBR-Hint,4,7e-06
X-SMTP-Posting-Host,4,7e-06
Alter-To,3,5e-06
Eurkh,3,5e-06
Fill-this-field-yourself,3,5e-06
Follwup-to,3,5e-06
Frequency,3,5e-06
Inner-Circle,3,5e-06
neXt-Mailer,3,5e-06
Postmann,3,5e-06
This-Mailer,3,5e-06
X-Alt-Email,3,5e-06
X-Aniti-Telecommunications-Reform-Act,3,5e-06
X-ATO-INT-URL,3,5e-06
X-ATO-NO-URL,3,5e-06
X-Attention-NSA,3,5e-06
X-Attention-Senator-Exon,3,5e-06
X-Fuckwit,3,5e-06
X-id,3,5e-06
X-MailReader,3,5e-06
X-Message-ID,3,5e-06
X-MicroSoft-free-message,3,5e-06
X-quote-char,3,5e-06
X-Tacy,3,5e-06
X-Warning,3,5e-06
X-ZC-POST,3,5e-06
X-ZC-TELEFON,3,5e-06
XComm,3,5e-06
<In-reply-to,2,3e-06
Follopup-to,2,3e-06
Followp-To,2,3e-06
Kaywords,2,3e-06
Kommentar,2,3e-06
Location,2,3e-06
Machine-type,2,3e-06
Old-Author-Address,2,3e-06
Organzation,2,3e-06
Post-Count,2,3e-06
Religion,2,3e-06
Repy-to,2,3e-06
Viable-Return-Path,2,3e-06
X-Access,2,3e-06
X-Advice,2,3e-06
X-Attachment,2,3e-06
X-Beverage,2,3e-06
X-Blurb,2,3e-06
X-Confirm-Reading-To,2,3e-06
X-Couple,2,3e-06
X-Devotion,2,3e-06
X-DoD-Hook-size,2,3e-06
X-easynet-cherry,2,3e-06
X-Flame-Bait,2,3e-06
X-Footnote-1,2,3e-06
X-Gringofalle,2,3e-06
X-iMplAnt-N-Palmjob-Pic,2,3e-06
X-InterChange-Posted-By,2,3e-06
X-Joke,2,3e-06
X-Mail-Copies-To,2,3e-06
X-News-Software,2,3e-06
X-news-To,2,3e-06
X-newsgroup,2,3e-06
X-NUPop-Charset,2,3e-06
X-PUTPBAD,2,3e-06
X-Rat,2,3e-06
X-Ray,2,3e-06
X-Reposted-By,2,3e-06
X-Resurrected-By,2,3e-06
X-Spam-To,2,3e-06
X-Submissions-To,2,3e-06
X-troll,2,3e-06
X-Troll-Type,2,3e-06
X-User-Info,2,3e-06
X-Works-For-Organization,2,3e-06
XNC,2,3e-06
XNC2,2,3e-06
(var,1,2e-06
1,1,2e-06
4,1,2e-06
5,1,2e-06
7,1,2e-06
8th_Disciple_of_the_AntiCrust,1,2e-06
>Obglede,1,2e-06
[Fjernet,1,2e-06
Artikkel,1,2e-06
CC-to,1,2e-06
Contetn-Transfer-Encoding,1,2e-06
Control,1,2e-06
eferences,1,2e-06
eply-to,1,2e-06
eywords,1,2e-06
FFrom,1,2e-06
Folowup,1,2e-06
Folowup-To,1,2e-06
Frust,1,2e-06
Frustrasjon,1,2e-06
Har,1,2e-06
HmmmmHeader,1,2e-06
K0eywords,1,2e-06
MMDF-Warning,1,2e-06
Organiztion,1,2e-06
Orgnazation,1,2e-06
Original-Original-Sender,1,2e-06
Orrganization,1,2e-06
Posted-To,1,2e-06
Prisantydning,1,2e-06
Re,1,2e-06
Replo-to,1,2e-06
Reply.to,1,2e-06
Replyto,1,2e-06
Replyu-to,1,2e-06
rganization,1,2e-06
schtickPath,1,2e-06
Spiro,1,2e-06
Subjec,1,2e-06
Superseedes,1,2e-06
X-1st-April-joke,1,2e-06
X-Advertising,1,2e-06
X-Age,1,2e-06
X-ample,1,2e-06
X-archive-no,1,2e-06
X-Auth-Login-Name,1,2e-06
X-awake,1,2e-06
X-baratin,1,2e-06
X-bass-gitar,1,2e-06
X-Bigraphs,1,2e-06
X-blomst,1,2e-06
X-Bogus-Information,1,2e-06
X-Btw,1,2e-06
X-Bug-fix,1,2e-06
X-Canceled-By,1,2e-06
X-Client-Port,1,2e-06
X-Comic,1,2e-06
X-Comment-To,1,2e-06
X-Comments,1,2e-06
X-Could-Have-Been-Posted-To,1,2e-06
X-Counterattack,1,2e-06
X-cuse,1,2e-06
X-Disclaimer-1,1,2e-06
X-Disclaimer-2,1,2e-06
X-DoD-hook,1,2e-06
X-DoD-julekalender-URL,1,2e-06
X-DoD-torch-size,1,2e-06
X-Dont-send-ms-word-files,1,2e-06
X-EATEN-BY-A-CROCIDILL,1,2e-06
X-extra-header,1,2e-06
X-Fake-From-field,1,2e-06
X-fillern,1,2e-06
X-FlameNet-HQ,1,2e-06
X-Fnord,1,2e-06
X-Followup-To,1,2e-06
X-Footnote-2,1,2e-06
X-Footnote-3,1,2e-06
X-From-Line,1,2e-06
X-Garbage,1,2e-06
X-go-dinosaurs,1,2e-06
X-hate,1,2e-06
X-header,1,2e-06
X-hei-anne,1,2e-06
X-hkm,1,2e-06
X-Home-Snailmail-Address,1,2e-06
X-I-use-a-real-computer,1,2e-06
X-Ident-Sender,1,2e-06
X-ike-disipel-av,1,2e-06
X-include,1,2e-06
X-Inside-information,1,2e-06
X-INUFS,1,2e-06
X-Jada-Jada,1,2e-06
X-jnerm-nqzva-bait,1,2e-06
X-Juno-Line-Breaks,1,2e-06
X-keywords,1,2e-06
X-Leafnode-Fuckup,1,2e-06
X-Legal-Warning,1,2e-06
X-Lies-P,1,2e-06
X-Lindland-Thread,1,2e-06
X-luser,1,2e-06
X-Mac-Hook-size,1,2e-06
X-Mail2News-Complaints-To,1,2e-06
X-MajorTCP-Version,1,2e-06
X-mark,1,2e-06
X-Mayan-Date,1,2e-06
X-Md4-Signature,1,2e-06
X-Member-Of,1,2e-06
X-Message-Contents,1,2e-06
X-Message-No,1,2e-06
X-meta-troll,1,2e-06
X-MIB,1,2e-06
X-microsloth-must-die,1,2e-06
X-MSMail-Priority,1,2e-06
X-naa-er-jeg-full-paa-redaktoerfoereninges-konjakk,1,2e-06
X-Naggumization,1,2e-06
X-nam-MC-factor,1,2e-06
X-new-1st-April-joke,1,2e-06
X-News-Daemon,1,2e-06
X-Nntp-Posting-Date,1,2e-06
X-Nntp-Sender,1,2e-06
X-NoJunkPlease,1,2e-06
X-ob-smiley,1,2e-06
X-Original-Date,1,2e-06
X-Original-From,1,2e-06
X-Original-Host,1,2e-06
X-Original-NNTP-Posting-Host,1,2e-06
X-Original-Organization,1,2e-06
X-Original-Path,1,2e-06
X-Original-References,1,2e-06
X-Original-Reply-To,1,2e-06
X-Original-X-Newsreader,1,2e-06
X-OS,1,2e-06
X-peke-nese-til-ungdomsskoleelev-som-ikke-gidder-lese-eller-tenke-selv,1,2e-06
X-Pgp-0x0E9FFBE9,1,2e-06
X-PGP-ID,1,2e-06
X-PGP-Key,1,2e-06
X-Poster,1,2e-06
X-Promille,1,2e-06
X-Pun,1,2e-06
X-rating,1,2e-06
X-realname,1,2e-06
X-Report-Abuse-To,1,2e-06
X-revelead,1,2e-06
X-Sarcasm-Site,1,2e-06
X-Secret-Clue,1,2e-06
X-Seigmen-counter,1,2e-06
X-Sender-Mood,1,2e-06
X-serious,1,2e-06
X-SigEd,1,2e-06
X-SigEd-URL,1,2e-06
X-sigh,1,2e-06
X-Smiley,1,2e-06
X-Smugness,1,2e-06
X-Spoiler,1,2e-06
X-Status,1,2e-06
X-Subject-idea-stolen-from,1,2e-06
X-Supersedes,1,2e-06
X-System-location,1,2e-06
X-SystemInfo,1,2e-06
X-telefon,1,2e-06
X-Telephone-Number,1,2e-06
X-The-Ultimate-Answer,1,2e-06
X-Thing-To-Do,1,2e-06
X-Tiddeli,1,2e-06
X-toffest-i-verden,1,2e-06
X-too-many-headers,1,2e-06
X-tra-frust,1,2e-06
X-tra-glede,1,2e-06
X-tra-tired,1,2e-06
X-trafrust,1,2e-06
X-Trolling,1,2e-06
X-UIB-Konvertert,1,2e-06
X-Ultra-Time,1,2e-06
X-url-to-lookup-if-you-wonder-what-LTBF-means,1,2e-06
X-w00p!,1,2e-06
X-Week,1,2e-06
X-Ween-WebSite,1,2e-06
X-Work-Snailmail-Address,1,2e-06
X-WWW,1,2e-06
X-Y-Z,1,2e-06
XPident,1,2e-06
