label,value,count
ia_users schema,ab7e8fa136ac726a1324bd3a2dd6d4d1,
ia_users emails,388ac49c261d388e42f8ddd62233bd3b,190136
ia_users email_names,93ca7cc69fd6a67273e34eb77c9dbbda,187598
"ia_users emails, no ids",5df5d9d88740514777bbe1be41532778,190136
"ia_users email names, no ids",7bd32abf0c349ce9ee219c58d622f485,187598
nb_users schema,ab7e8fa136ac726a1324bd3a2dd6d4d1,
nb_users emails,92982821df38489e8f80d151844c9d34,42745
nb_users email_names,d21861a183882bd99391c54757f6a668,27605
"nb_users emails, no ids",08a7f2d42a18eaa5149554e4c2503f9f,42745
"nb_users email names, no ids",0308e69fcb9b6296857e7fa118cf8ce5,27605
