date,count
1997-10-16,1589
1997-03-30,246
1997-06-26,670
1997-02-12,499
1997-03-11,604
1997-12-28,795
1997-06-22,350
1997-02-21,497
1997-10-17,1677
1997-08-27,854
1997-08-28,938
1997-09-06,340
1997-10-13,1777
1997-12-21,905
1997-11-14,1628
1997-03-10,594
1997-11-11,1797
1997-12-02,2081
1997-11-06,1059
1997-09-21,797
1997-02-13,487
1997-10-07,1733
1997-06-25,706
1997-08-14,686
1997-07-05,394
1997-11-29,1262
1997-07-04,547
1997-05-06,862
1997-06-27,540
1997-02-20,636
1995-12-17,283
1996-01-28,500
1996-01-30,781
1996-01-20,222
1995-11-23,544
1996-01-19,574
1996-01-24,607
1995-10-10,575
1996-01-23,618
1995-11-29,525
1995-09-18,392
1995-12-26,153
1996-01-17,555
1995-07-26,181
1995-11-24,515
1995-12-02,218
1996-02-22,762
1995-12-12,487
1996-01-31,600
1996-01-29,928
1995-09-27,296
1995-09-29,549
1995-02-14,376
1995-12-30,272
1996-01-18,754
1995-12-08,447
1995-12-28,371
1995-02-27,286
1996-01-16,502
1995-11-28,558
1995-10-30,484
1995-11-07,555
1995-12-27,212
1995-10-25,581
1995-09-23,148
1995-06-07,290
1996-02-01,772
1995-12-03,233
1995-12-06,502
1996-02-02,759
unknown,587
1995-12-01,527
1995-10-13,595
1995-10-12,582
1995-12-07,524
1995-11-27,566
1996-02-21,861
1995-10-04,498
1996-01-03,524
1996-02-09,655
1995-10-11,648
1996-09-21,450
1996-08-07,668
1996-06-08,462
1996-07-09,693
1996-11-19,930
1996-11-03,730
1996-10-01,830
1996-04-16,1089
1996-05-06,1032
1996-09-16,256
1996-04-17,871
1996-11-15,668
1996-07-19,677
1996-11-10,569
1996-04-19,933
1996-11-14,560
1996-05-09,946
1996-10-04,977
1996-08-15,694
1996-08-25,505
1996-12-03,1792
1996-04-23,837
1996-10-07,791
1996-05-13,1017
1996-05-28,975
1996-08-24,439
1996-05-07,1004
1996-05-29,1025
1996-12-04,1249
1996-04-24,869
1996-05-27,542
1996-10-08,807
1996-11-23,648
1996-04-20,604
1996-11-08,883
1996-09-14,352
1996-04-18,928
1996-11-02,701
1996-05-10,860
1996-06-22,403
1996-10-02,864
1996-04-22,806
1996-11-20,702
1996-05-08,988
1996-10-16,940
1996-10-30,989
1996-09-15,417
1996-10-18,815
1996-07-17,732
1996-10-15,1051
1996-08-23,645
1996-12-14,594
1996-03-15,751
1996-10-14,997
1996-06-20,498
1996-08-06,692
1996-11-11,1019
1996-12-06,1167
1997-08-19,792
1997-05-27,780
1997-08-20,752
1997-02-24,590
1997-07-09,564
1997-12-24,419
1997-07-24,565
1997-11-08,1217
1997-05-02,699
1997-04-28,685
1997-05-10,372
1997-07-23,547
1997-07-18,696
1997-04-26,369
1997-11-16,1253
1997-07-28,815
1997-03-19,554
1997-04-07,544
1997-07-26,422
1997-03-03,465
1997-07-21,488
1997-11-09,1295
1997-10-27,1705
1997-11-30,1318
1997-11-10,1743
1997-04-08,699
1997-12-04,1726
1997-04-30,670
1997-07-12,217
1997-02-19,580
1997-02-17,648
1997-04-05,339
1997-11-22,978
1997-08-01,670
1997-02-26,726
1997-11-19,1902
1997-06-24,685
1997-03-04,657
1997-06-28,430
1997-07-06,519
1997-10-08,1743
1997-08-22,643
1997-10-26,1031
1997-02-22,342
1997-03-06,517
1997-04-29,760
1997-05-01,501
1997-06-10,837
1997-04-03,696
1997-02-14,444
1997-08-30,300
1997-02-18,757
1997-06-04,725
1997-09-25,1762
1997-02-28,612
1997-06-05,655
1997-09-11,779
1997-06-18,724
1997-10-03,1554
1997-02-23,374
1997-06-19,729
1997-09-18,640
1997-09-17,736
1997-07-01,687
1997-07-19,234
1997-04-24,636
1997-04-21,619
1997-08-05,874
1997-12-14,975
1997-09-13,492
1997-07-27,466
1997-07-10,531
1997-08-10,472
1997-04-17,787
1997-09-04,852
1997-11-01,1292
1997-03-13,573
1997-10-04,1086
1997-04-19,393
1997-03-05,660
1997-05-30,667
1997-11-03,1500
1997-03-18,637
1997-10-20,1671
1997-11-21,1285
1997-06-08,359
1997-03-21,443
1997-09-16,747
1997-09-24,1864
1997-07-31,796
1997-09-03,683
1997-03-08,311
1997-12-01,1862
1997-11-05,1635
1997-07-08,445
1997-04-02,599
1997-05-11,513
1997-07-03,582
1997-04-06,401
1997-11-18,1766
1997-08-26,800
1997-10-22,1532
1997-04-27,400
1997-12-08,1579
1997-08-04,476
1997-05-16,549
1997-10-28,1568
1997-07-02,636
1997-05-23,647
1997-02-25,672
1997-12-10,1464
1997-08-25,755
1997-03-17,540
1997-03-07,499
1997-05-21,754
1997-04-18,808
1997-10-31,2095
1997-05-09,636
1997-05-05,854
1997-06-14,477
1997-06-11,807
1997-09-14,562
1997-05-13,669
1997-06-02,728
1997-08-21,777
1997-04-16,645
1997-05-28,778
1997-11-28,1627
1997-07-29,837
1997-05-12,692
1997-05-04,545
1997-11-25,1791
1997-06-23,669
1997-09-29,1701
1997-06-29,266
1997-11-20,1707
1997-07-11,545
1997-06-09,851
1997-07-22,588
1997-08-24,457
1997-06-16,712
1997-10-09,1789
1997-10-29,1896
1997-04-01,566
1997-05-20,693
1997-04-04,614
1997-03-12,625
1997-02-27,596
1997-07-15,542
1997-04-11,722
1997-03-09,332
1997-12-22,976
1997-06-03,753
1997-12-09,1375
1997-08-02,456
1997-05-26,725
1997-07-25,496
1997-12-11,1621
1997-02-16,337
1997-08-08,689
1997-10-30,1789
1997-03-20,504
1997-10-23,1469
1997-05-29,909
1997-09-20,872
1997-05-14,700
1997-11-02,1159
1997-11-04,1630
1997-08-12,714
1997-05-17,287
1997-10-15,1630
1997-08-17,469
1997-10-21,1710
1997-08-06,838
1997-07-17,608
1997-03-24,324
1997-08-29,716
1997-09-09,746
1997-11-12,1920
1997-03-29,182
1997-12-30,954
1997-10-02,1512
1997-07-30,895
1997-08-15,850
1997-09-07,349
1997-02-15,225
1997-12-05,1640
1997-06-15,428
1997-09-15,763
1997-11-17,1733
1997-03-02,323
1997-08-07,711
1997-06-30,454
1997-08-03,469
1997-10-25,1016
1997-06-20,630
1997-10-24,1474
1997-05-03,430
1997-06-17,833
1997-03-31,370
1997-09-10,835
1997-03-14,427
1997-07-07,525
1997-05-24,526
1997-06-07,392
1997-07-14,649
1997-10-11,980
1997-09-23,1666
1997-05-19,422
1997-04-15,574
1997-10-10,1527
1997-06-01,350
1997-09-19,818
1997-10-06,1664
1997-11-13,1857
1997-11-26,1576
1997-05-31,408
1997-09-05,618
1997-03-01,333
1997-06-12,634
1997-10-12,1020
1997-03-22,290
1997-05-25,528
1995-10-23,474
1995-10-05,443
1996-02-15,785
1995-12-19,438
1995-12-21,353
1995-11-10,455
1995-08-07,192
1995-10-26,529
1995-08-19,123
1995-10-07,180
1995-01-31,315
1995-11-30,621
1995-02-07,395
1996-01-15,246
1995-11-09,449
1995-02-06,302
1995-10-19,459
1995-09-06,408
1996-01-11,721
1995-03-23,390
1995-02-10,284
1995-02-04,125
1995-02-19,84
1995-10-24,513
1995-02-13,332
1995-11-03,426
1995-12-04,469
1995-11-12,221
1995-02-03,322
1995-08-14,332
1996-01-12,758
1995-09-15,444
1995-09-13,447
1995-03-22,369
1995-10-20,478
1995-01-30,237
1995-11-08,563
1995-11-22,521
1996-01-13,315
1995-11-02,465
1995-09-07,246
1996-01-26,637
1995-09-10,224
1995-10-27,564
1995-12-20,437
1995-10-08,215
1995-12-09,238
1995-08-12,140
1995-11-05,164
1995-02-23,284
1996-02-16,744
1995-11-17,390
1995-11-16,419
1995-08-02,235
1995-12-14,443
1995-08-20,124
1996-02-12,815
1995-05-24,385
1995-02-20,272
1995-10-09,566
1995-12-18,397
1996-01-14,318
1996-02-28,940
1995-05-26,328
1995-03-01,427
1995-08-28,212
1995-02-08,365
1995-11-01,445
1995-10-03,543
1995-12-15,471
1995-03-28,305
1995-11-15,403
1995-08-11,234
1996-03-05,866
1995-03-18,159
1995-11-26,250
1995-10-21,150
1995-05-02,305
1995-09-09,159
1995-12-13,442
1995-10-28,208
1995-03-09,307
1996-02-23,668
1996-03-06,992
1996-02-20,877
1995-11-13,484
1996-02-27,619
1995-02-17,233
1995-12-11,514
1995-12-10,223
1995-05-10,297
1995-02-09,289
1995-11-25,261
1995-11-11,221
1995-02-02,258
1995-09-05,363
1995-05-05,297
1995-09-14,407
1995-02-16,277
1995-09-20,410
1995-09-22,342
1995-11-20,385
1995-05-11,384
1996-02-14,902
1995-12-05,321
1995-12-29,486
1996-01-25,723
1995-10-31,498
1995-08-05,125
1995-03-04,144
1995-09-30,220
1995-10-06,513
1995-02-11,145
1995-09-12,486
1995-08-10,276
1995-08-04,220
1996-02-05,939
1995-08-18,268
1995-02-24,299
1995-11-06,333
1996-01-02,424
1996-02-29,1007
1995-03-13,287
1995-02-22,240
1995-10-18,637
1995-09-16,178
1995-03-16,237
1995-08-31,261
1995-11-04,165
1996-02-19,829
1995-10-17,602
1995-06-21,186
1995-02-05,87
1995-03-02,552
1995-03-08,354
1995-08-03,277
1995-10-15,190
1996-01-21,9
1996-02-04,489
1995-02-15,328
1995-02-01,343
1996-02-11,450
1995-10-22,214
1996-02-26,753
1995-10-16,615
1995-11-18,200
1995-03-24,298
1996-02-25,524
1995-08-16,360
1995-02-21,270
1996-02-03,532
1996-01-07,363
1996-03-02,414
1995-05-23,375
1995-09-21,410
1995-03-06,351
1995-09-02,93
1995-03-10,234
1995-08-26,141
1995-06-02,270
1995-10-02,466
1995-02-26,124
1995-02-12,121
1995-11-19,244
1995-07-29,76
1995-11-21,481
1995-05-29,418
1995-09-04,356
1995-08-25,225
1996-01-09,598
1995-03-05,143
1995-04-18,287
1996-01-08,570
1996-02-24,344
1995-08-27,129
1995-06-01,393
1995-09-26,308
1995-04-20,322
1995-03-17,219
1996-01-10,609
1996-02-17,352
1995-10-14,227
1995-09-19,370
1995-04-21,213
1995-08-13,99
1996-01-01,398
1995-08-17,295
1995-07-28,208
1996-03-04,998
1995-08-22,319
1995-01-27,52
1996-02-07,847
1995-07-31,162
1996-03-01,1036
1995-02-18,93
1995-08-24,297
1996-03-03,489
1996-09-27,915
1996-11-12,1081
1996-10-28,1015
1996-05-22,832
1996-07-24,692
1996-06-03,1029
1996-04-10,760
1996-12-07,731
1996-06-06,814
1996-08-26,718
1996-10-10,748
1996-03-29,526
1996-08-21,873
1996-10-09,669
1996-12-26,245
1996-04-01,391
1996-04-15,1001
1996-05-03,770
1996-06-13,841
1996-10-23,970
1996-05-20,789
1996-09-05,844
1996-09-10,831
1996-05-19,511
1996-04-11,820
1996-03-14,859
1996-09-07,415
1996-07-05,533
1996-11-04,1087
1996-05-02,816
1996-12-08,813
1996-03-07,968
1996-08-22,702
1996-09-03,893
1996-03-28,722
1996-05-31,914
1996-03-12,981
1996-05-18,530
1996-09-24,635
1996-12-15,631
1996-07-15,522
1996-11-17,616
1996-05-21,809
1996-10-12,557
1996-12-24,250
1996-10-03,1014
1996-08-27,755
1996-05-11,470
1996-03-24,477
1996-04-13,556
1996-09-23,783
1996-06-18,508
1996-11-28,1487
1996-06-04,971
1996-04-05,205
1996-05-30,966
1996-06-10,888
1996-05-15,761
1996-06-16,225
1996-11-13,881
1996-04-25,899
1996-12-30,527
1996-12-25,245
1996-06-12,933
1996-05-23,850
1996-08-08,719
1996-07-02,533
1996-07-23,768
1996-09-09,898
1996-05-25,507
1996-06-25,415
1996-08-11,531
1996-10-19,638
1996-07-18,651
1996-04-30,831
1996-09-26,1305
1996-10-31,924
1996-05-16,476
1996-07-08,624
1996-07-13,308
1996-06-19,479
1996-09-13,811
1996-03-13,785
1996-05-14,799
1996-04-12,863
1996-06-01,529
1996-10-29,637
1996-07-06,234
1996-12-11,858
1996-08-29,531
1996-06-09,448
1996-04-14,718
1996-06-24,524
1996-12-17,942
1996-11-29,1317
1996-07-11,520
1996-10-20,657
1996-05-24,912
1996-04-03,421
1996-12-28,420
1996-05-17,304
1996-04-29,874
1996-09-06,700
1996-09-20,436
1996-05-26,547
1996-07-01,460
1996-09-25,1069
1996-07-26,599
1996-06-11,918
1996-10-24,709
1996-04-09,593
1996-06-14,539
1996-11-25,1134
1996-07-20,239
1996-06-23,365
1996-11-07,995
1996-07-16,686
1996-04-07,230
1996-09-30,840
1996-08-18,519
1996-11-22,857
1996-07-22,671
1996-10-25,659
1996-10-11,706
1996-04-27,455
1996-09-04,856
1996-11-01,996
1996-07-21,373
1996-10-05,660
1996-07-03,462
1996-10-27,590
1996-05-12,485
1996-12-23,378
1996-07-07,399
1996-04-06,187
1996-04-26,894
1996-12-20,603
1996-12-02,1646
1996-03-30,257
1996-06-30,254
1996-12-19,721
1996-08-28,623
1996-03-21,684
1996-11-16,433
1996-05-05,549
1996-08-12,739
1996-07-25,660
1996-09-28,669
1996-03-22,725
1996-10-17,976
1996-10-22,1095
1996-08-20,781
1996-09-12,824
1996-10-06,604
1996-06-28,394
1996-10-21,882
1996-07-04,565
1996-10-26,440
1996-06-05,953
1996-03-25,684
1996-03-11,1051
1996-06-17,508
1996-09-08,487
1996-08-30,683
1996-03-08,792
1996-03-20,945
1996-06-21,501
1996-08-19,733
1996-06-02,748
1996-06-26,418
1996-09-29,656
1996-11-05,495
1996-11-21,1034
1996-03-09,535
1996-11-24,754
1996-12-12,738
1996-12-22,379
1996-07-31,658
1996-07-27,336
1996-06-29,231
1996-07-10,560
1996-08-31,561
1996-08-16,696
1996-08-01,641
1996-06-07,601
1996-12-29,379
1996-11-06,722
1996-04-28,452
1996-06-15,278
1996-03-27,723
1996-07-14,343
1996-09-11,788
1996-12-09,963
1996-08-17,475
1996-12-21,365
1996-07-12,511
1996-07-29,720
1996-09-19,768
1996-12-10,1103
1996-12-18,927
1996-05-04,405
1996-12-13,683
1996-03-19,753
1996-12-16,875
1996-11-18,986
1995-05-22,451
1995-07-13,384
1995-04-07,183
1995-04-05,222
1995-07-11,277
1995-04-10,107
1995-08-01,215
1995-07-24,147
1995-05-16,377
1995-06-12,344
1995-08-21,289
1995-03-31,294
1995-07-17,143
1995-09-11,437
1995-04-23,63
1995-03-27,389
1995-04-04,315
1995-06-30,179
1995-03-30,410
1995-07-25,217
1995-09-01,264
1995-05-19,308
1995-07-22,145
1995-04-06,269
1995-05-09,322
1995-05-18,393
1995-04-13,35
1995-08-30,82
1995-05-15,411
1995-03-03,461
1995-07-19,362
1995-06-04,117
1995-08-29,235
1995-06-09,336
1995-06-06,388
1995-06-29,193
1995-05-20,241
1995-03-12,77
1995-03-20,362
1995-05-17,92
1995-05-06,144
1995-07-12,264
1995-05-12,535
1995-06-19,158
1995-05-04,331
1995-07-20,218
1995-07-10,204
1995-03-14,236
1995-04-19,326
1995-08-23,324
1995-07-06,223
1995-06-03,135
1995-03-29,355
1995-06-28,143
1995-03-26,131
1995-09-08,371
1995-05-31,420
1995-08-06,102
1995-07-30,90
1995-03-07,299
1995-04-28,161
1995-07-09,167
1995-04-17,117
1995-03-15,219
1995-09-03,139
1995-05-30,440
1995-07-08,78
1995-06-11,136
1995-04-22,50
1995-05-28,152
1995-07-16,110
1995-08-09,185
1995-08-15,268
1995-03-19,117
1995-05-08,340
1995-07-21,196
1995-02-28,247
1995-07-18,173
1995-06-14,328
1995-04-11,87
1995-06-10,149
1995-05-14,167
1995-06-08,295
1995-06-17,74
1995-04-30,162
1995-05-25,218
1995-07-27,194
1995-07-03,210
1995-04-02,90
1995-07-07,183
1995-05-27,135
1995-06-16,223
1995-04-03,343
1995-06-26,181
1995-02-25,129
1995-06-18,85
1995-04-08,36
1995-06-27,209
1995-06-13,233
1995-05-03,327
1995-03-21,340
1995-04-24,86
1995-06-22,139
1995-05-01,155
1997-09-08,830
1997-06-13,558
1997-03-15,287
1997-04-20,368
1997-11-07,1039
1997-12-25,423
1997-09-02,775
1997-08-16,454
1997-09-26,1502
1997-08-18,855
1997-04-13,397
1997-12-18,1329
1997-03-25,289
1997-09-01,641
1997-03-16,270
1997-09-27,1023
1997-11-23,1171
1997-05-07,906
1997-12-20,893
1997-04-10,630
1997-11-27,1420
1997-04-23,521
1997-09-28,1020
1997-12-23,828
1997-05-08,429
1997-03-28,178
1997-06-21,380
1997-06-06,863
1997-12-13,1059
1997-12-03,2169
1997-12-16,1595
1997-05-22,607
1997-09-12,689
1997-12-19,1124
1997-04-22,566
1997-11-24,1619
1997-10-14,1752
1997-04-12,354
1997-08-09,389
1997-07-20,250
1997-08-31,507
1997-12-27,689
1997-10-01,1721
1997-10-19,1052
1997-05-15,600
1997-08-23,258
1997-03-27,197
1997-12-06,1089
1997-04-09,757
1997-08-11,832
1997-07-16,582
1997-11-15,1068
1997-12-29,882
1997-09-30,1810
1997-12-15,1526
1997-04-25,545
1997-12-17,1444
1997-03-23,299
1997-12-12,1454
1997-12-07,1240
1997-10-05,1018
1997-03-26,234
1997-07-13,215
1997-10-18,1017
1997-04-14,509
1997-12-26,584
1997-08-13,773
1997-09-22,1439
1997-05-18,337
1996-02-10,517
1995-06-15,264
1995-12-31,250
1996-02-18,451
1995-03-25,154
1995-07-14,304
1995-12-25,114
1995-12-23,156
1995-12-24,68
1995-03-11,79
1995-09-25,492
1995-07-04,221
1995-07-02,78
1995-09-28,465
1995-06-23,156
1995-09-17,169
1995-07-05,146
1996-02-13,1018
1995-10-29,161
1995-05-13,160
1995-11-14,411
1995-12-16,216
1995-04-09,15
1995-07-15,108
1995-06-20,169
1995-08-08,133
1996-02-06,848
1995-06-25,78
1996-01-27,394
1995-06-05,243
1995-04-29,126
1996-01-06,364
1995-10-01,170
1995-06-24,50
1996-01-05,522
1995-07-01,76
1995-04-27,42
1995-05-07,157
1995-07-23,100
1995-05-21,149
1996-02-08,870
1996-01-04,562
1996-12-05,1057
1996-08-03,330
1996-03-23,436
1996-07-28,374
1996-08-09,297
1996-08-05,670
1996-11-09,574
1996-08-10,458
1996-09-17,317
1996-03-31,274
1996-08-02,506
1996-09-02,841
1996-11-30,794
1996-12-27,412
1996-08-04,350
1996-12-31,368
1996-03-17,164
1996-11-27,1485
1996-10-13,652
1996-09-22,522
1996-06-27,369
1996-03-10,554
1996-08-13,677
1996-07-30,645
1996-09-18,614
1996-04-21,527
1996-03-26,776
1996-12-01,959
1996-08-14,639
1996-05-01,463
1996-03-16,319
1996-11-26,1158
1996-04-08,319
1996-03-18,721
1996-04-02,390
1996-09-01,572
1995-04-12,72
1995-04-01,125
1995-12-22,73
1995-09-24,189
1997-02-11,57
1996-04-04,177
1996-01-22,20
1995-01-29,52
1995-04-14,4
1997-12-31,65
1995-04-26,12
1995-04-25,16
1994-11-12,7
1995-04-16,7
1995-01-28,14
1997-01-03,1
1995-04-15,18
1995-01-18,87
1994-10-20,22
1994-10-26,17
1995-01-13,51
1994-12-13,23
1994-11-26,11
1994-10-13,37
1995-01-23,47
1995-01-06,14
1995-01-10,21
1994-12-16,7
1995-01-16,53
1995-01-17,85
1994-11-21,26
1994-10-11,12
1995-01-20,50
1994-11-02,26
1994-12-01,13
1994-10-07,27
1995-01-19,54
1995-01-09,26
1994-10-10,15
1994-10-25,12
1995-01-05,22
1994-11-14,33
1995-01-25,67
1995-01-15,12
1994-11-08,32
1995-01-12,18
1995-01-14,13
1994-10-28,19
1994-11-07,17
1994-11-22,33
1994-12-28,13
1994-11-11,14
1994-11-25,28
1995-01-22,14
1994-12-15,15
1994-11-01,13
1994-11-19,4
1994-12-30,9
1994-12-02,12
1994-11-16,30
1994-11-04,12
1994-11-18,23
1994-10-08,9
1994-12-06,24
1994-11-30,12
1994-11-23,12
1994-12-22,3
1994-11-17,28
1994-12-03,6
1994-10-27,19
1994-10-31,20
1994-11-15,15
1994-12-04,5
1994-12-14,22
1995-01-11,11
1994-11-13,14
1994-12-07,23
1994-10-17,10
1994-12-08,24
1995-01-04,14
1994-11-10,13
1995-01-02,3
1994-10-19,29
1994-11-05,4
1994-12-26,1
1994-12-21,9
1994-11-03,9
1994-10-18,21
1994-11-20,6
1994-11-24,24
1995-01-26,39
1994-12-09,11
1994-11-09,14
1995-01-03,3
1994-12-25,2
1994-12-19,6
1994-12-12,12
1994-10-06,1
1994-11-28,8
1994-12-05,14
1994-10-21,10
1995-01-08,5
1994-10-22,3
1994-11-29,8
1994-10-14,15
1995-01-24,13
1994-10-12,21
1994-12-20,11
1994-10-29,4
1994-10-16,7
1994-10-24,9
1994-12-27,6
1997-02-10,1
1995-01-21,8
1994-12-10,2
1994-12-23,3
1994-10-09,2
1994-12-29,4
1994-12-17,1
1994-11-06,2
1994-10-23,5
1994-12-11,2
1995-01-01,1
1994-11-27,1
1995-01-07,2
1997-01-01,2
