newsgroup,ia_only,nb_only,both
no.ai,180,77,255
no.alkohol,1893,1215,2247
no.alt.activeworlds,775,0,0
no.alt.amiga,211,748,0
no.alt.arkiv,4357,635,1333
no.alt.bekymringer,2400,0,0
no.alt.bilprat,16997,0,0
no.alt.bilstereo,3200,0,0
no.alt.config,6577,206,418
no.alt.diskusjoner,108815,4723,11095
no.alt.diskusjoner.usa,21000,0,0
no.alt.ekspartnere,1650,0,0
no.alt.fan.de-lillos,554,200,44
no.alt.flame,17305,5299,14607
no.alt.fritid.hytteliv,50,0,0
no.alt.frustrasjoner,273214,35248,0
no.alt.geek.pludring,2000,0,0
no.alt.gledesutbrudd,83466,3009,8367
no.alt.god.jul,2259,215,537
no.alt.gratulerer,78,0,0
no.alt.gullkorn,1286,7,0
no.alt.gullkorn.d,400,0,0
no.alt.hjemmesider,49245,0,0
no.alt.hjemmesider.frontpage,2900,0,0
no.alt.hundebitt,150,0,0
no.alt.hunder,100393,0,0
no.alt.irc-treff,669,289,728
no.alt.irctreff,0,491,0
no.alt.jenteprat,9149,0,0
no.alt.karlsen+spangelid,1160,0,0
no.alt.katter,36397,1432,494
no.alt.maktmisbruk.psykopati,250,0,0
no.alt.marked.seksualitet,550,0,0
no.alt.mat,42391,1245,2651
no.alt.mat.drikke,11016,280,478
no.alt.motorsykler,177946,42712,0
no.alt.news-treff,8949,0,0
no.alt.pludring,70295,0,0
no.alt.pludring.intens,100,0,0
no.alt.pompel-og-pilt,794,68,299
no.alt.pompelog,0,284,0
no.alt.radio-tv.irma-1000,1354,50,187
no.alt.radio_tv.irma1000,0,409,0
no.alt.rykter,13697,0,0
no.alt.sjokolade,5283,121,451
no.alt.tegneserier,21938,783,1452
no.alt.tegneserier.samlerforum,1200,0,0
no.alt.troll,352,0,0
no.alt.undring,84300,0,0
no.amiga,38924,555,2699
no.annonser.audio-video,14849,0,0
no.annonser.bil,16947,0,0
no.annonser.bolig,3499,0,0
no.annonser.diskusjon,15149,0,0
no.annonser.diverse,23698,0,0
no.annonser.dyr,2600,0,0
no.annonser.foreldre+barn,750,0,0
no.annonser.foto,3949,0,0
no.annonser.friluftsliv,1500,0,0
no.annonser.it.diverse,15649,0,0
no.annonser.it.maskinvare.diverse,29147,0,0
no.annonser.it.nettilbydere,1250,0,0
no.annonser.it.nettverk,450,0,0
no.annonser.it.programvare.diverse,2949,0,0
no.annonser.it.telekom,5399,0,0
no.annonser.it.unix,500,0,0
no.annonser.jobb.onskes,1499,0,0
no.annonser.jobb.selvstendig,600,0,0
no.annonser.jobb.tilbys,3747,0,0
no.annonser.kontakt.diverse,799,0,0
no.annonser.maritim,600,0,0
no.annonser.motorsykkel,6348,0,0
no.annonser.musikk,7650,0,0
no.annonser.spill.data,4198,0,0
no.annonser.spill.diverse,1349,0,0
no.annonser.spill.tv,2650,0,0
no.annonser.sykkel,1800,0,0
no.audio,13898,2818,7512
no.bibsys,196,23,75
no.bil,38718,1148,5475
no.biz,176,0,0
no.biz.annonser,9288,762,2899
no.biz.annonser.data,11927,255,1053
no.biz.diskusjoner,751,185,91
no.biz.nettilbydere,4729,170,639
no.bolig,2330,234,914
no.c,583,808,1755
no.ef,299,654,693
no.elektronikk,9200,999,2821
no.embnet,71,346,53
no.eunet.diverse,71,100,68
no.eunet.drift,15,188,217
no.eunet.hjelp,26,361,239
no.fag.diverse,20841,0,0
no.fag.filosofi,22948,0,0
no.fag.jus,70548,0,0
no.fag.jus.it,6747,0,0
no.fag.kjemi,6100,0,0
no.fag.landbruk,9449,0,0
no.fag.medisin.diverse,40796,0,0
no.fag.psykologi.generell,58198,0,0
no.fag.samfunnsvitenskap,2999,0,0
no.fag.sjukepleie,500,0,0
no.fag.spraak.diverse,49599,0,0
no.fag.spraak.fagord,4300,0,0
no.fag.spraak.strid,5400,0,0
no.fag.typografi,2999,0,0
no.film,13752,4187,8274
no.folklore.edb,683,45,108
no.folklore.generelt,129,11,4
no.folklore.overtro,532,10,1
no.fritid.akvarium,3450,0,0
no.fritid.bolig,44084,0,0
no.fritid.diverse,2899,0,0
no.fritid.dykking,18550,0,0
no.fritid.dyr.diverse,5500,0,0
no.fritid.fiske,6649,0,0
no.fritid.foto,22746,0,0
no.fritid.friluftsliv,11099,0,0
no.fritid.hage,8100,0,0
no.fritid.hobbyverksted,4400,0,0
no.fritid.jakt,22499,0,0
no.fritid.maritim,11650,0,0
no.fritid.modellhobby,18550,0,0
no.fritid.reiser,18248,0,0
no.fritid.slektsforsking.diverse,19498,0,0
no.fritid.slektsforsking.etterlysing,28600,0,0
no.fritid.slektsforsking.it,10599,0,0
no.fritid.speiding,1750,0,0
no.fritid.spill.data,46995,0,0
no.fritid.spill.diverse,2347,0,0
no.fritid.spill.rollespill,16100,0,0
no.fritid.spill.sjakk,2200,0,0
no.fritid.sykkel,16847,0,0
no.general,114652,22404,53985
no.havforskning,163,291,226
no.hobby.diverse,3758,86,390
no.irc,2127,1694,4818
no.it.data.xml,1050,0,0
no.it.database.diverse,4850,0,0
no.it.diverse,57800,88,431
no.it.emacs,2319,705,349
no.it.grafikk.diverse,5800,0,0
no.it.maskinvare.diverse,110984,0,0
no.it.maskinvare.grafikkort,13699,0,0
no.it.maskinvare.overklokking,11200,0,0
no.it.maskinvare.pda,5800,0,0
no.it.nettverk,40147,0,0
no.it.nostalgi,7900,0,0
no.it.os.amiga.diverse,6845,0,0
no.it.os.amiga.maskinvare,5600,0,0
no.it.os.amiga.programvare,3750,0,0
no.it.os.beos,200,0,0
no.it.os.mac.diverse,166408,0,0
no.it.os.ms-windows.diverse,85546,0,0
no.it.os.ms-windows.nettverk,8700,0,0
no.it.os.ms-windows.nt,17650,0,0
no.it.os.os2,4370,121,577
no.it.os.unix.diverse,9150,0,0
no.it.os.unix.linux.diverse,121593,0,0
no.it.os.unix.linux.nettverk,12249,0,0
no.it.programmering.asp,6200,0,0
no.it.programmering.c,9048,0,0
no.it.programmering.c++,8948,0,0
no.it.programmering.delphi,11297,0,0
no.it.programmering.diverse,8999,0,0
no.it.programmering.dotnet,200,0,0
no.it.programmering.java,15245,0,0
no.it.programmering.javascript,3850,0,0
no.it.programmering.lisp,2634,0,0
no.it.programmering.perl,9041,0,0
no.it.programmering.php,17849,0,0
no.it.programmering.python,950,0,0
no.it.programmering.visual-basic,18648,0,0
no.it.programvare.emacs,4451,0,0
no.it.programvare.ms-office,12100,0,0
no.it.programvare.tex,5199,0,0
no.it.sikkerhet.diverse,28952,0,0
no.it.sikkerhet.virus,5498,0,0
no.it.telekom.diverse,9747,0,0
no.it.telekom.isdn,9698,0,0
no.it.telekom.mobil,48645,0,0
no.it.tjenester.irc,1500,0,0
no.it.tjenester.mail.diverse,7700,0,0
no.it.tjenester.nettilbydere,37098,0,0
no.it.tjenester.news.diverse,6050,0,0
no.it.tjenester.www.css,950,0,0
no.it.tjenester.www.design,30349,0,0
no.it.tjenester.www.diverse,19199,0,0
no.it.tjenester.www.html,21897,0,0
no.it.tjenester.www.programmering,12798,0,0
no.jus,12942,1950,6048
no.kjemi,1250,521,942
no.kryptografi,935,376,161
no.kultur.diverse,1650,0,0
no.kultur.film,79701,0,0
no.kultur.folklore.diverse,500,0,0
no.kultur.folklore.overtro,900,0,0
no.kultur.folklore.ufo,22200,0,0
no.kultur.fritid.friluftsliv,1143,0,0
no.kultur.genre.sf,3248,0,0
no.kultur.humor,13550,0,0
no.kultur.litteratur.diverse,11149,0,0
no.kultur.musikk.diverse,75891,0,0
no.kultur.musikk.gitar,13997,0,0
no.kultur.musikk.klassisk,1900,0,0
no.kultur.musikk.korps,7749,0,0
no.kultur.musikk.produksjon,5100,0,0
no.linux,41650,3946,12346
no.lisp,164,190,314
no.litteratur,4112,1071,2923
no.lokal.drammen,3599,0,0
no.lokal.oslo,600,0,0
no.lokal.ringerike,150,0,0
no.mac,27086,5910,16134
no.mail.diverse,795,785,1191
no.mail.drift,299,294,278
no.marked,30211,9087,17658
no.marked.bil,8743,901,692
no.marked.bolig,2159,512,228
no.marked.data,60355,5350,17314
no.marked.diskusjon,924,19,57
no.marked.jobb,3117,1261,2585
no.media,2292,34,89
no.medisin,7691,391,1099
no.ms-windows,25089,4148,4126
no.mswindow,0,772,0
no.multimedia,1258,840,1416
no.musikk,29115,6490,21019
no.musikk.gitar,2044,796,1594
no.musikk.klassisk,941,181,101
no.net,2523,711,1366
no.nettvett,20501,0,0
no.news.diverse,15949,2683,6587
no.news.drift,472,294,276
no.norsk,10529,5234,12106
no.norsk.fagord,2004,60,250
no.nuug,178,65,42
no.org.decus,0,25,0
no.org.diverse,350,0,0
no.org.dnd,267,60,13
no.org.efn.diskusjon,361,559,775
no.org.efn.nyheter,11,0,0
no.org.isoc-no,44,9,37
no.org.nobug.diverse,91,58,61
no.org.nobug.nytt,65,0,0
no.org.nuug,200,0,0
no.pc,64334,7462,18081
no.perl,1031,282,805
no.prat.aksjer,3944,434,504
no.prat.narkotika,6198,1471,1000
no.prat.politikk,56631,594,3055
no.prat.seksualitet,21880,649,2957
no.prat.ufo,5148,73,691
no.pressemeldinger,756,34,28
no.pressemeldinger.diskusjon,137,29,13
no.psykologi,7723,517,1222
no.radio-tv,11386,547,3840
no.radio_tv,0,1677,0
no.reiser,3326,974,1016
no.religion,35390,6662,13750
no.samfunn.aksjer,10100,0,0
no.samfunn.alkohol,2050,0,0
no.samfunn.diverse,3450,0,0
no.samfunn.forbruker,17899,0,0
no.samfunn.foreldre+barn,33300,0,0
no.samfunn.helse.funksjonshemming.diverse,600,0,0
no.samfunn.helse.livsstil,3598,0,0
no.samfunn.media.diverse,5049,0,0
no.samfunn.media.radio-tv,39849,0,0
no.samfunn.media.radio-tv.virkelighets-tv,6050,0,0
no.samfunn.narkotika,11897,0,0
no.samfunn.naturvern,43538,0,0
no.samfunn.okonomi.diverse,8000,0,0
no.samfunn.politikk.diverse,166351,0,0
no.samfunn.politikk.historie,3950,0,0
no.samfunn.politikk.innvandring,95447,0,0
no.samfunn.politikk.utenriks,43997,0,0
no.samfunn.politikk.vaapen,10500,0,0
no.samfunn.religion,168218,0,0
no.samfunn.seksualitet,24350,0,0
no.samfunn.skole,13500,0,0
no.samfunn.trafikk,8848,0,0
no.skole.diverse,4177,98,467
no.slekt,5754,3675,4535
no.slekt.etterlysning,10101,1658,1449
no.slekt.programmer,4728,108,351
no.sources.list,263,31,42
no.sources.wanted,175,91,61
no.speider,680,526,937
no.spill,9430,2859,9400
no.spill.rollespill,1903,522,495
no.spill.sjakk,710,119,154
no.sport.diverse,6777,2444,3856
no.sport.fotball,180545,2324,0
no.sport.hockey,700,0,0
no.sport.kampkunst,1799,0,0
no.sport.motorsport,1200,0,0
no.sport.orientering,1507,20,43
no.sport.paintball,7647,0,0
no.sport.skyting,30399,0,0
no.sport.volleyball,3673,33,124
no.standard,136,38,60
no.stortinget,3552,715,1847
no.student.nett,474,150,266
no.student.samfund,302,130,107
no.svar,561,45,162
no.sykkel,8628,1128,2871
no.tegnsett,168,234,181
no.teknologi.audio,41994,0,0
no.teknologi.bil,178182,0,0
no.teknologi.diverse,4549,0,0
no.teknologi.elektronikk,30400,0,0
no.teknologi.hjemmekino,36095,0,0
no.teknologi.satellitt-tv,6498,0,0
no.teknologi.video,27100,0,0
no.tele,9583,1341,4353
no.telepost,38,771,160
no.test,79361,613,2768
no.tex,1396,31,194
no.tungregning,115,61,31
no.typografi,697,76,227
no.uninett.diverse,352,116,92
no.uninett.drift,110,39,71
no.uninett.fik,0,49,0
no.uninett.hjelp,93,54,33
no.uninett.katalog,63,23,9
no.uninett.skole,509,174,652
no.unix,5178,1198,2721
no.usenet.admin,19800,0,0
no.usenet.informasjon,250,0,0
no.velkommen,600,0,0
no.video,7270,100,410
no.vit.diverse,4045,122,497
no.vitser,6860,3665,6822
no.vr,242,68,75
no.www,18808,591,2813
no.x,438,114,277
